{
  "timestamp": "2026-02-12 12:41:45",
  "device": "cuda",
  "config": {
    "lora_rank": 16,
    "lora_alpha": 32,
    "n_epochs": 30,
    "lr": 0.0002,
    "n_train": 12,
    "n_test": 30
  },
  "param_info": {
    "total": 641530992,
    "lora": 440384,
    "ratio": 0.06864578726385209
  },
  "baseline_amg": {
    "n": 30.0,
    "iou_mean": 0.1255,
    "iou_std": 0.126,
    "dice_mean": 0.2033,
    "dice_std": 0.17,
    "precision_mean": 0.1362,
    "recall_mean": 0.6338
  },
  "baseline_point": {
    "n": 30.0,
    "iou_mean": 0.0866,
    "iou_std": 0.069,
    "dice_mean": 0.15,
    "dice_std": 0.11,
    "precision_mean": 0.13,
    "recall_mean": 0.25
  },
  "lora_amg": {
    "n": 30.0,
    "iou_mean": 0.12418402546816076,
    "iou_std": 0.1464941886056994,
    "dice_mean": 0.19677897869794816,
    "dice_std": 0.18840975124169554,
    "precision_mean": 0.13860997385605847,
    "recall_mean": 0.584579396083783
  },
  "lora_point": {
    "n": 30.0,
    "iou_mean": 0.0903441051574933,
    "iou_std": 0.07100322556929543,
    "dice_mean": 0.15843046734456293,
    "dice_std": 0.1122838608967383,
    "precision_mean": 0.1164883379958251,
    "recall_mean": 0.4750278609233933
  },
  "amg_improvement_pct": -1.0485852843340533,
  "point_improvement_pct": 4.323447064080032,
  "training_loss": [
    1.3030736396710079,
    1.2141224443912506,
    1.1571487883726757,
    1.1415357540051143,
    1.1753119677305222,
    1.0878352671861649,
    1.1046161750952403,
    1.04673037926356,
    1.0672257294257481,
    1.0752962479988735,
    1.0424566169579823,
    1.0390909612178802,
    1.053662379582723,
    1.015756294131279,
    0.9957056244214376,
    1.0182588994503021,
    1.02240984638532,
    0.9998762309551239,
    0.9940503537654877,
    0.980314219991366,
    0.9949115365743637,
    0.9737433940172195,
    0.9917955249547958,
    0.974199116230011,
    0.9878613501787186,
    1.0142791519562404,
    0.9784032255411148,
    0.957528551419576,
    0.9650349567333857,
    0.9922473132610321
  ]
}